,titulos,empresa,todas_salario,todos_local,url
0,Analista de Dados,APE SMART TEC,A Combinar,São Paulo - SP (1),https://www.catho.com.br/vagas/analista-de-dados/24394457/?origem_apply=busca-de-vagas&entrada_apply=direto
1,Analista de Dados Pleno,J&T Express Brazil Ltda,"De R$ 5.001,00 a R$ 6.000,00",São Paulo - SP (1),https://www.catho.com.br/vagas/analista-de-dados-pleno/24393005/?origem_apply=busca-de-vagas&entrada_apply=direto
2,Analista de Dados,Engenharia,"De R$ 3.001,00 a R$ 4.000,00",Belo Horizonte - MG (1),https://www.catho.com.br/vagas/analista-de-dados/24381166/?origem_apply=busca-de-vagas&entrada_apply=direto
3,Analista de Dados,INVESTIDOR SARDINHA,A Combinar,Goiania - GO (1),https://www.catho.com.br/vagas/analista-de-dados/24173852/?origem_apply=busca-de-vagas&entrada_apply=direto
4,Analista de Dados,BEST TALENTS,A Combinar,São Paulo - SP (1),https://www.catho.com.br/vagas/analista-de-dados/24045989/?origem_apply=busca-de-vagas&entrada_apply=direto
5,ANALISTA DE DADOS,RODOBENS,A Combinar,São José do Rio Preto - SP (1),https://www.catho.com.br/vagas/analista-de-dados/24015239/?origem_apply=busca-de-vagas&entrada_apply=direto
6,Analista de Dados,300 FRANCHISING,A Combinar,Joinville - SC (1),https://www.catho.com.br/vagas/analista-de-dados/24014224/?origem_apply=busca-de-vagas&entrada_apply=direto
7,Analista de dados,J&T EXPRESS BRASIL,A Combinar,Florianópolis - SC (1),https://www.catho.com.br/vagas/analista-de-dados/23458140/?origem_apply=busca-de-vagas&entrada_apply=direto
8,Analista de Dados,BRIVIA,A Combinar,Rio de Janeiro - RJ (1),https://www.catho.com.br/vagas/analista-de-dados/18819365/?origem_apply=busca-de-vagas&entrada_apply=direto
9,ANALISTA DE DADOS - PLENO,Aqui + Valor Negocio Promocoes e Intermediacoes LTDA,A Combinar,São Paulo - SP (1),https://www.catho.com.br/vagas/analista-de-dados-pleno/24378772/?origem_apply=busca-de-vagas&entrada_apply=direto
10,Analista de Dados BI,Empresa ConfidencialPor que?,A Combinar,Barueri - SP (1),https://www.catho.com.br/vagas/analista-de-dados-bi/24381437/?origem_apply=busca-de-vagas&entrada_apply=direto
11,ANALISTA DE GOVERNANÇA DE DADOS SR,UNIMED NACIONAL,A Combinar,São Paulo - SP (1),https://www.catho.com.br/vagas/analista-de-governanca-de-dados-sr/24437130/?origem_apply=busca-de-vagas&entrada_apply=direto
12,ANALISTA DE DADOS PL,COGNA EDUCAÇÃO,A Combinar,São Paulo - SP (1),https://www.catho.com.br/vagas/analista-de-dados-pl/24253396/?origem_apply=busca-de-vagas&entrada_apply=direto
13,Analista De Dados | Ciência de Dados,UNIFIQUE TELECOMUNICAÇÕES,A Combinar,Timbo - SC (1),https://www.catho.com.br/vagas/analista-de-dados-ciencia-de-dados/24081245/?origem_apply=busca-de-vagas&entrada_apply=direto
14,Analista de Dados SR,INSTITUTO GERANDO FALCOES,A Combinar,Poa - SP (1),https://www.catho.com.br/vagas/analista-de-dados-sr/24171450/?origem_apply=busca-de-vagas&entrada_apply=direto
0,Analista de Dados Júnior,ANDRADE MAIA ADVOGADOS,A Combinar,Porto Alegre - RS (1),https://www.catho.com.br/vagas/analista-de-dados-junior/23884595/?origem_apply=busca-de-vagas&entrada_apply=direto
1,Analista de dados (BI),J&T EXPRESS BRASIL,A Combinar,Belo Horizonte - MG (2),https://www.catho.com.br/vagas/analista-de-dados-bi/22892700/?origem_apply=busca-de-vagas&entrada_apply=direto
2,Analista de Dados Junior,BANCO MERCANTIL,A Combinar,Belo Horizonte - MG (1),https://www.catho.com.br/vagas/analista-de-dados-junior/22637023/?origem_apply=busca-de-vagas&entrada_apply=direto
3,Analista de dados (BI) Jr,J&T EXPRESS BRASIL,A Combinar,Rio de Janeiro - RJ (1),https://www.catho.com.br/vagas/analista-de-dados-bi-jr/24253189/?origem_apply=busca-de-vagas&entrada_apply=direto
4,Analista de Dados - Estratégia de Negócio,AUTOGLASS,A Combinar,Vila Velha - ES (1),https://www.catho.com.br/vagas/analista-de-dados-estrategia-de-negocio/24125249/?origem_apply=busca-de-vagas&entrada_apply=direto
5,Analista de Dados III,CECRED,A Combinar,Blumenau - SC (1),https://www.catho.com.br/vagas/analista-de-dados-iii/24411575/?origem_apply=busca-de-vagas&entrada_apply=direto
6,Analista de Dados,CRESCIMENTUM - CONSULTORIA,A Combinar,São Paulo - SP (1),https://www.catho.com.br/vagas/analista-de-dados/24392196/?origem_apply=busca-de-vagas&entrada_apply=direto
7,Analista de Dados | Cresol Confederação,CRESOL,A Combinar,Francisco Beltrao - PR (1),https://www.catho.com.br/vagas/analista-de-dados-cresol-confederacao/24098976/?origem_apply=busca-de-vagas&entrada_apply=direto
8,Analista de Dados - Macaé/RJ,INFOTEC,A Combinar,Macae - RJ (1),https://www.catho.com.br/vagas/analista-de-dados-macae-rj/23751321/?origem_apply=busca-de-vagas&entrada_apply=direto
9,Analista de Dados de Controladoria Pleno,BANCO MERCANTIL,A Combinar,Belo Horizonte - MG (1),https://www.catho.com.br/vagas/analista-de-dados-de-controladoria-pleno/23253690/?origem_apply=busca-de-vagas&entrada_apply=direto
10,Analista de Privacidade de Dados,GRUPO SEB,A Combinar,Ribeirão Preto - SP (1),https://www.catho.com.br/vagas/analista-de-privacidade-de-dados/23830803/?origem_apply=busca-de-vagas&entrada_apply=direto
11,Analista de Dados PL - Planejamento Logístico,SANTA CRUZ,A Combinar,São Paulo - SP (1),https://www.catho.com.br/vagas/analista-de-dados-pl-planejamento-logistico/24310384/?origem_apply=busca-de-vagas&entrada_apply=direto
12,Auditor Interno Sr. - Analista de Dados,STUDIO Z CALÇADOS,A Combinar,São Jose - SC (1),https://www.catho.com.br/vagas/auditor-interno-sr-analista-de-dados/24255623/?origem_apply=busca-de-vagas&entrada_apply=direto
13,Analista de Dados com afinidade com área de óleo e Gás,IK SOLUTION,A Combinar,Rio de Janeiro - RJ (1),https://www.catho.com.br/vagas/analista-de-dados-com-afinidade-com-area-de-oleo-e-gas/24257325/?origem_apply=busca-de-vagas&entrada_apply=direto
14,ORIGINAL SP | ANALISTA DE DADOS SR,GROUP1,A Combinar,Mogi das Cruzes - SP (1),https://www.catho.com.br/vagas/original-sp-analista-de-dados-sr/24203683/?origem_apply=busca-de-vagas&entrada_apply=direto
0,Analista de dados (BI) | TRACK&FIELD | São Paulo,TRACK & FIELD,A Combinar,São Paulo - SP (1),https://www.catho.com.br/vagas/analista-de-dados-bi-trackfield-sao-paulo/23917902/?origem_apply=busca-de-vagas&entrada_apply=direto
1,Analista de Dados Júnior,PROFARMA,A Combinar,Rio de Janeiro - RJ (1),https://www.catho.com.br/vagas/analista-de-dados-junior/24404175/?origem_apply=busca-de-vagas&entrada_apply=direto
2,ANALISTA DE DADOS CRM,BALAROTI,A Combinar,São José dos Pinhais - PR (1),https://www.catho.com.br/vagas/analista-de-dados-crm/24402819/?origem_apply=busca-de-vagas&entrada_apply=direto
3,Analista de Dados em Compras,SHOPEE BRASIL,A Combinar,São Paulo - SP (1),https://www.catho.com.br/vagas/analista-de-dados-em-compras/24373599/?origem_apply=busca-de-vagas&entrada_apply=direto
4,Estágio em Análise de Dados,ESTADÃO,A Combinar,São Paulo - SP (1),https://www.catho.com.br/vagas/estagio-em-analise-de-dados/24285922/?origem_apply=busca-de-vagas&entrada_apply=direto
5,ANALISTA DE DADOS - Start Immediately,GRABS,A Combinar,Mogi das Cruzes - SP (1),https://www.catho.com.br/vagas/analista-de-dados-start-immediately/24432483/?origem_apply=busca-de-vagas&entrada_apply=direto
6,Analista de Dados Pleno (Híbrido),ACCENTURE,A Combinar,Uberlândia - MG (1),https://www.catho.com.br/vagas/analista-de-dados-pleno-hibrido/24389464/?origem_apply=busca-de-vagas&entrada_apply=direto
7,ANALISTA DE DADOS SÊNIOR (área comercial),BRASILPREV,A Combinar,São Paulo - SP (1),https://www.catho.com.br/vagas/analista-de-dados-senior-area-comercial/24377283/?origem_apply=busca-de-vagas&entrada_apply=direto
8,Analista de Performance/Dados para Google Ads,BRANDMONITOR,A Combinar,São Paulo - SP (1),https://www.catho.com.br/vagas/analista-de-performance-dados-para-google-ads/24267641/?origem_apply=busca-de-vagas&entrada_apply=direto
9,Analista de Inteligência em Dados (BI) - Júnior,TRINUS CO.,A Combinar,Goiania - GO (1),https://www.catho.com.br/vagas/analista-de-inteligencia-em-dados-bi-junior/24216635/?origem_apply=busca-de-vagas&entrada_apply=direto
10,Estágio na área administrativa - Análise de dados,Empresa ConfidencialPor que?,A Combinar,São Paulo - SP (1),https://www.catho.com.br/vagas/estagio-na-area-administrativa-analise-de-dados/24284595/?origem_apply=busca-de-vagas&entrada_apply=direto
11,Analista de Inteligência de Dados,SHOPEE BRASIL,A Combinar,São Paulo - SP (1),https://www.catho.com.br/vagas/analista-de-inteligencia-de-dados/24372787/?origem_apply=busca-de-vagas&entrada_apply=direto
12,Analista de Banco de Dados,GRUPO VOALLE,A Combinar,Santa Maria - RS (1),https://www.catho.com.br/vagas/analista-de-banco-de-dados/24394080/?origem_apply=busca-de-vagas&entrada_apply=direto
13,Estagiário(a) - Análise de dados e relatórios,AUTOGLASS,A Combinar,Vila Velha - ES (1),https://www.catho.com.br/vagas/estagiarioa-analise-de-dados-e-relatorios/24142245/?origem_apply=busca-de-vagas&entrada_apply=direto
14,Estágio em Procurement (Analise de Dados em Compras),AMCOR,"De R$ 1.001,00 a R$ 2.000,00",Maua - SP (1),https://www.catho.com.br/vagas/estagio-em-procurement-analise-de-dados-em-compras/24381146/?origem_apply=busca-de-vagas&entrada_apply=direto
0,ANALISTA DLP e PROTEÇÃO DE DADOS SR,NAVA SERVICES,A Combinar,Osasco - SP (1),https://www.catho.com.br/vagas/analista-dlp-e-protecao-de-dados-sr/23895535/?origem_apply=busca-de-vagas&entrada_apply=direto
1,Analista de Inteligência Operacional e Dados Sr,CLÍNICA SIM,A Combinar,Fortaleza - CE (1),https://www.catho.com.br/vagas/analista-de-inteligencia-operacional-e-dados-sr/23871076/?origem_apply=busca-de-vagas&entrada_apply=direto
2,Analista de Dados (Foco em Crédito) - Vaga Afirmativa Para Mulheres,SHOPEE BRASIL,A Combinar,São Paulo - SP (1),https://www.catho.com.br/vagas/analista-de-dados-foco-em-credito-vaga-afirmativa-para-mulheres/24372572/?origem_apply=busca-de-vagas&entrada_apply=direto
3,"ANALISTA DE PROTEÇÃO DE DADOS SR - DISCOVERY, PROTEÇÃO E CRIPTOGRAFIA",NAVA SERVICES,A Combinar,Osasco - SP (1),https://www.catho.com.br/vagas/analista-de-protecao-de-dados-sr-discovery-protecao-e-criptografia/23895469/?origem_apply=busca-de-vagas&entrada_apply=direto
4,Estágio em Análise de Dados,SIEMENS,A Combinar,São Paulo - SP (1),https://www.catho.com.br/vagas/estagio-em-analise-de-dados/24421568/?origem_apply=busca-de-vagas&entrada_apply=direto
5,Analista de Banco de Dados,Empresa ConfidencialPor que?,A Combinar,Belo Horizonte - MG (1),https://www.catho.com.br/vagas/analista-de-banco-de-dados/22257099/?origem_apply=busca-de-vagas&entrada_apply=direto
6,Analista Produtos e Negócios II - Atuação em Análise de Dados,CECRED,A Combinar,Blumenau - SC (1),https://www.catho.com.br/vagas/analista-produtos-e-negocios-ii-atuacao-em-analise-de-dados/24402561/?origem_apply=busca-de-vagas&entrada_apply=direto
7,Analista de Dados,HOSPITAL E MATERNIDADE SANTA JOANA,"De R$ 8.001,00 a R$ 9.000,00",São Paulo - SP (1),https://www.catho.com.br/vagas/analista-de-dados/24366547/?origem_apply=busca-de-vagas&entrada_apply=direto
8,Analista de dados,Empresa ConfidencialPor que?,A Combinar,Valinhos - SP (1),https://www.catho.com.br/vagas/analista-de-dados/24203711/?origem_apply=busca-de-vagas&entrada_apply=direto
9,Analista em dados,Empresa ConfidencialPor que?,"De R$ 4.001,00 a R$ 5.000,00",Salvador - BA (1),https://www.catho.com.br/vagas/analista-em-dados/24107965/?origem_apply=busca-de-vagas&entrada_apply=direto
10,Analista de Dados,FUNDAÇÃO ZERRENNER,"De R$ 5.001,00 a R$ 6.000,00",São Paulo - SP (1),https://www.catho.com.br/vagas/analista-de-dados/24283731/?origem_apply=busca-de-vagas&entrada_apply=direto
11,Analista de dados - Excelência Operacional,LSG SKY CHEFS,A Combinar,Guarulhos - SP (1),https://www.catho.com.br/vagas/analista-de-dados-excelencia-operacional/24035351/?origem_apply=busca-de-vagas&entrada_apply=direto
12,Analista de Dados,INTEGRAR CAPACITACAO E DESENVOLVIMENTO PROFISSIONAL LTDA,A Combinar,Ribeirão Preto - SP (1),https://www.catho.com.br/vagas/analista-de-dados/24140723/?origem_apply=busca-de-vagas&entrada_apply=direto
13,Analista de Dados,GMP RECURSOS HUMANOS,"De R$ 5.001,00 a R$ 6.000,00",São Paulo - SP (1),https://www.catho.com.br/vagas/analista-de-dados/24340001/?origem_apply=busca-de-vagas&entrada_apply=direto
14,Analista de Dados,IMEX MEDICAL GROUP,"De R$ 2.001,00 a R$ 3.000,00",São Jose - SC (1),https://www.catho.com.br/vagas/analista-de-dados/24340762/?origem_apply=busca-de-vagas&entrada_apply=direto
0,Analista de Dados,Empresa ConfidencialPor que?,"De R$ 2.001,00 a R$ 3.000,00",Rio de Janeiro - RJ (1),https://www.catho.com.br/vagas/analista-de-dados/24253437/?origem_apply=busca-de-vagas&entrada_apply=direto
1,Analista de Dados,Empresa ConfidencialPor que?,"De R$ 3.001,00 a R$ 4.000,00",São Paulo - SP (1),https://www.catho.com.br/vagas/analista-de-dados/24172197/?origem_apply=busca-de-vagas&entrada_apply=direto
2,Analista de Risco Dados,EMFC CONSULTORIA,"De R$ 7.001,00 a R$ 8.000,00",Belo Horizonte - MG (1),https://www.catho.com.br/vagas/analista-de-risco-dados/24366760/?origem_apply=busca-de-vagas&entrada_apply=direto
3,Analista de Governança de Dados III,ORIZON BRASIL,"De R$ 7.001,00 a R$ 8.000,00",Barueri - SP (1),https://www.catho.com.br/vagas/analista-de-governanca-de-dados-iii/24253293/?origem_apply=busca-de-vagas&entrada_apply=direto
4,Analista de Dados,Empresa ConfidencialPor que?,"De R$ 2.001,00 a R$ 3.000,00",São Paulo - SP (1),https://www.catho.com.br/vagas/analista-de-dados/24253066/?origem_apply=busca-de-vagas&entrada_apply=direto
5,Analista de Dados,TRANSFORMA E CAPACITA CONSULTORIA,"De R$ 2.001,00 a R$ 3.000,00",Ribeirão Preto - SP (1),https://www.catho.com.br/vagas/analista-de-dados/24139177/?origem_apply=busca-de-vagas&entrada_apply=direto
6,Analista de Dados,BRASLAB,"De R$ 2.001,00 a R$ 3.000,00",São Paulo - SP (1),https://www.catho.com.br/vagas/analista-de-dados/23959166/?origem_apply=busca-de-vagas&entrada_apply=direto
7,Analista de Dados,LP GUIZILIM,A Combinar,Maracanau - CE (1),https://www.catho.com.br/vagas/analista-de-dados/23987570/?origem_apply=busca-de-vagas&entrada_apply=direto
8,Analista de Dados,Empresa ConfidencialPor que?,"De R$ 3.001,00 a R$ 4.000,00",Arujá - SP (1),https://www.catho.com.br/vagas/analista-de-dados/23907157/?origem_apply=busca-de-vagas&entrada_apply=direto
9,Analista de Dados,Empresa ConfidencialPor que?,A Combinar,São Paulo - SP (2),https://www.catho.com.br/vagas/analista-de-dados/23842225/?origem_apply=busca-de-vagas&entrada_apply=direto
10,Analista de dados,AITOMOTIVE IMPORT\`S,A Combinar,Arujá - SP (1),https://www.catho.com.br/vagas/analista-de-dados/23741094/?origem_apply=busca-de-vagas&entrada_apply=direto
11,ANALISTA DE DADOS,RODOBENS,A Combinar,São José do Rio Preto - SP (1),https://www.catho.com.br/vagas/analista-de-dados/24015238/?origem_apply=busca-de-vagas&entrada_apply=direto
12,Analista de Dados,Tech For TI,"De R$ 6.001,00 a R$ 7.000,00",São Paulo - SP (1),https://www.catho.com.br/vagas/analista-de-dados/23974954/?origem_apply=busca-de-vagas&entrada_apply=direto
13,Analista de Dados,LOTÉRICA CHACAL,"De R$ 3.001,00 a R$ 4.000,00",São Paulo - SP (1),https://www.catho.com.br/vagas/analista-de-dados/23759274/?origem_apply=busca-de-vagas&entrada_apply=direto
14,Analista de Dados,AQUECENORTE,"De R$ 2.001,00 a R$ 3.000,00",São Paulo - SP (1),https://www.catho.com.br/vagas/analista-de-dados/23697662/?origem_apply=busca-de-vagas&entrada_apply=direto
0,Analista de Dados,Avell Notebooks,"De R$ 4.001,00 a R$ 5.000,00",Joinville - SC (1),https://www.catho.com.br/vagas/analista-de-dados/23667328/?origem_apply=busca-de-vagas&entrada_apply=direto
1,ANALISTA DE DADOS,Empresa ConfidencialPor que?,"De R$ 2.001,00 a R$ 3.000,00",Brasilia - DF (1),https://www.catho.com.br/vagas/analista-de-dados/22834726/?origem_apply=busca-de-vagas&entrada_apply=direto
2,ANALISTA DE DADOS,A Opus Solutio em parceria com empresa confidencial localizada na Zona Sul de São Paulo,"De R$ 3.001,00 a R$ 4.000,00",São Paulo - SP (1),https://www.catho.com.br/vagas/analista-de-dados/23504293/?origem_apply=busca-de-vagas&entrada_apply=direto
3,Analista de Dados,Empresa ConfidencialPor que?,"De R$ 4.001,00 a R$ 5.000,00",São Paulo - SP (1),https://www.catho.com.br/vagas/analista-de-dados/23451005/?origem_apply=busca-de-vagas&entrada_apply=direto
4,Analista de Dados,Empresa ConfidencialPor que?,A Combinar,Cotia - SP (1),https://www.catho.com.br/vagas/analista-de-dados/23448800/?origem_apply=busca-de-vagas&entrada_apply=direto
5,Analista de Dados,Empresa ConfidencialPor que?,A Combinar,São Paulo - SP (1),https://www.catho.com.br/vagas/analista-de-dados/22816850/?origem_apply=busca-de-vagas&entrada_apply=direto
6,Analista de Dados Sênior,DTC RECRUTAMENTO,A Combinar,Curitiba - PR (1),https://www.catho.com.br/vagas/analista-de-dados-senior/24140254/?origem_apply=busca-de-vagas&entrada_apply=direto
7,ANALISTA DE DADOS PLENO,EVIDENCIA LOGISTICA TRANSPORTE LTDA,A Combinar,Guarulhos - SP (1),https://www.catho.com.br/vagas/analista-de-dados-pleno/24003059/?origem_apply=busca-de-vagas&entrada_apply=direto
8,ANALISTA DE DADOS JR,Ph Comercio de Celulares Ltda,"De R$ 1.001,00 a R$ 2.000,00",Brasilia - DF (1),https://www.catho.com.br/vagas/analista-de-dados-jr/24353932/?origem_apply=busca-de-vagas&entrada_apply=direto
9,Analista de Dados Júnior,COMPUTÉCNICA,A Combinar,São Paulo - SP (1),https://www.catho.com.br/vagas/analista-de-dados-junior/24341952/?origem_apply=busca-de-vagas&entrada_apply=direto
10,Analista de Dados Pleno,Empresa ConfidencialPor que?,"De R$ 7.001,00 a R$ 8.000,00",São Paulo - SP (1),https://www.catho.com.br/vagas/analista-de-dados-pleno/24296160/?origem_apply=busca-de-vagas&entrada_apply=direto
11,Analista de Dados Pleno,ANALYSIS MODELAGEM DE DADOS,A Combinar,Rio de Janeiro - RJ (1),https://www.catho.com.br/vagas/analista-de-dados-pleno/23751176/?origem_apply=busca-de-vagas&entrada_apply=direto
12,Analista de Dados Junior,BRASLAB,"De R$ 2.001,00 a R$ 3.000,00",São Paulo - SP (1),https://www.catho.com.br/vagas/analista-de-dados-junior/23987098/?origem_apply=busca-de-vagas&entrada_apply=direto
13,Analista de Dados Sr,GRUPO MARISTA,A Combinar,Porto Alegre - RS (1),https://www.catho.com.br/vagas/analista-de-dados-sr/24218364/?origem_apply=busca-de-vagas&entrada_apply=direto
14,Analista de Dados BI,MODAL 360,A Combinar,Barueri - SP (1),https://www.catho.com.br/vagas/analista-de-dados-bi/23868894/?origem_apply=busca-de-vagas&entrada_apply=direto
0,Analista de Dados BI,Modal Gestão e Treinamentos LTDA,"De R$ 3.001,00 a R$ 4.000,00",Barueri - SP (1),https://www.catho.com.br/vagas/analista-de-dados-bi/23867876/?origem_apply=busca-de-vagas&entrada_apply=direto
1,Analista de Dados (PJ),Empresa ConfidencialPor que?,A Combinar,Brasilia - DF (1),https://www.catho.com.br/vagas/analista-de-dados-pj/23886264/?origem_apply=busca-de-vagas&entrada_apply=direto
2,Analista de Dados SQL,EMFC CONSULTORIA,"De R$ 7.001,00 a R$ 8.000,00",Nova Lima - MG (1),https://www.catho.com.br/vagas/analista-de-dados-sql/24081618/?origem_apply=busca-de-vagas&entrada_apply=direto
3,Analista de Dados - Economista,SINDILOJAS PORTO ALEGRE,A Combinar,Porto Alegre - RS (1),https://www.catho.com.br/vagas/analista-de-dados-economista/23803958/?origem_apply=busca-de-vagas&entrada_apply=direto
4,ANALISTA DE DADOS JUNIOR,CBA B+G,A Combinar,São Paulo - SP (1),https://www.catho.com.br/vagas/analista-de-dados-junior/23697830/?origem_apply=busca-de-vagas&entrada_apply=direto
5,ANALISTA DE DADOS SR,COGNA EDUCAÇÃO,A Combinar,São Paulo - SP (1),https://www.catho.com.br/vagas/analista-de-dados-sr/23239475/?origem_apply=busca-de-vagas&entrada_apply=direto
6,Analista de Dados em Suprimentos,Hype Empreendimentos,A Combinar,Curitiba - PR (1),https://www.catho.com.br/vagas/analista-de-dados-em-suprimentos/22985856/?origem_apply=busca-de-vagas&entrada_apply=direto
7,Analista de Dados | Mercado,UNIFIQUE TELECOMUNICAÇÕES,A Combinar,Timbo - SC (1),https://www.catho.com.br/vagas/analista-de-dados-mercado/22426109/?origem_apply=busca-de-vagas&entrada_apply=direto
8,Analista de Dados - Pleno,ECOVITA INCORPORADORA,A Combinar,Bauru - SP (1),https://www.catho.com.br/vagas/analista-de-dados-pleno/23651238/?origem_apply=busca-de-vagas&entrada_apply=direto
9,Analista de Dados jr,RS soluções,"De R$ 2.001,00 a R$ 3.000,00",São Paulo - SP (1),https://www.catho.com.br/vagas/analista-de-dados-jr/23582110/?origem_apply=busca-de-vagas&entrada_apply=direto
10,Analista de Dados Financeiros,LOTÉRICA CHACAL,"De R$ 3.001,00 a R$ 4.000,00",São Paulo - SP (1),https://www.catho.com.br/vagas/analista-de-dados-financeiros/23546865/?origem_apply=busca-de-vagas&entrada_apply=direto
11,Analista de Dados PL,Empresa ConfidencialPor que?,"De R$ 6.001,00 a R$ 7.000,00",Rio de Janeiro - RJ (1),https://www.catho.com.br/vagas/analista-de-dados-pl/23451076/?origem_apply=busca-de-vagas&entrada_apply=direto
12,Analista de Dados e Prestação de Contas,VINIL ENGENHARIA,"De R$ 4.001,00 a R$ 5.000,00",Rio de Janeiro - RJ (1),https://www.catho.com.br/vagas/analista-de-dados-e-prestacao-de-contas/23819505/?origem_apply=busca-de-vagas&entrada_apply=direto
13,Analista de Dados (Vaga afirmativa para mulheres),Cozimax Móveis de Aço Mirassol Ltda.,A Combinar,Mirassol - SP (1),https://www.catho.com.br/vagas/analista-de-dados-vaga-afirmativa-para-mulheres/24203825/?origem_apply=busca-de-vagas&entrada_apply=direto
0,Analista de Dados,MUTANT,A Combinar,São Paulo - SP (1),https://www.catho.com.br/vagas/analista-de-dados/24136681/?origem_apply=busca-de-vagas&entrada_apply=direto
1,ANALISTA DE DADOS,ADVANCE RH & CAPACITACION MANAGEMENT,"Até R$ 1.000,00",Maceio - AL (1),https://www.catho.com.br/vagas/analista-de-dados/24116613/?origem_apply=busca-de-vagas&entrada_apply=direto
2,Analista de Dados I,SERASA EXPERIAN,A Combinar,São Carlos - SP (1),https://www.catho.com.br/vagas/analista-de-dados-i/24117074/?origem_apply=busca-de-vagas&entrada_apply=direto
3,ANALISTA DE DADOS,EMPREGARA,A Combinar,Belo Horizonte - MG (1),https://www.catho.com.br/vagas/analista-de-dados/24109995/?origem_apply=busca-de-vagas&entrada_apply=direto
4,Analista de Dados III,CECRED,A Combinar,Blumenau - SC (1),https://www.catho.com.br/vagas/analista-de-dados-iii/24123591/?origem_apply=busca-de-vagas&entrada_apply=direto
5,Analista de Dados,EMPREGARA,A Combinar,Curitiba - PR (1),https://www.catho.com.br/vagas/analista-de-dados/24120390/?origem_apply=busca-de-vagas&entrada_apply=direto
6,Analista de Dados,Equilibra - Soluções Adm. E Trein. Geren. Ltda,A Combinar,São José do Rio Preto - SP (1),https://www.catho.com.br/vagas/analista-de-dados/24127361/?origem_apply=busca-de-vagas&entrada_apply=direto
7,Analista de Dados,EMPREGARA,A Combinar,Rio de Janeiro - RJ (1),https://www.catho.com.br/vagas/analista-de-dados/24113961/?origem_apply=busca-de-vagas&entrada_apply=direto
8,Analista de Dados,EMPREGARA,A Combinar,São Paulo - SP (1),https://www.catho.com.br/vagas/analista-de-dados/24111887/?origem_apply=busca-de-vagas&entrada_apply=direto
9,Analista de Dados,EMPREGARA,A Combinar,Blumenau - SC (1),https://www.catho.com.br/vagas/analista-de-dados/24117462/?origem_apply=busca-de-vagas&entrada_apply=direto
10,Analista de Dados,EMPREGARA,A Combinar,Porto Alegre - RS (1),https://www.catho.com.br/vagas/analista-de-dados/24110681/?origem_apply=busca-de-vagas&entrada_apply=direto
11,Analista de Dados,EMPREGARA,A Combinar,São Paulo - SP (1),https://www.catho.com.br/vagas/analista-de-dados/24110174/?origem_apply=busca-de-vagas&entrada_apply=direto
12,Analista de Dados,MAIDA HEALTH,A Combinar,Fortaleza - CE (1),https://www.catho.com.br/vagas/analista-de-dados/24094016/?origem_apply=busca-de-vagas&entrada_apply=direto
13,ANALISTA DE DADOS,EMPREGARA,A Combinar,São Paulo - SP (1),https://www.catho.com.br/vagas/analista-de-dados/24092528/?origem_apply=busca-de-vagas&entrada_apply=direto
14,Analista de Dados,UNIMED SÃO JOÃO DEL REI,A Combinar,São João Del Rei - MG (1),https://www.catho.com.br/vagas/analista-de-dados/24079742/?origem_apply=busca-de-vagas&entrada_apply=direto
0,ANALISTA DE DADOS PL,GLOBAL WEB,A Combinar,Brasilia - DF (1),https://www.catho.com.br/vagas/analista-de-dados-pl/24282424/?origem_apply=busca-de-vagas&entrada_apply=direto
1,Analista de Dados Pleno,FUNDAÇÃO ITÁU SOCIAL,A Combinar,São Paulo - SP (1),https://www.catho.com.br/vagas/analista-de-dados-pleno/24281676/?origem_apply=busca-de-vagas&entrada_apply=direto
2,Analista de Dados Pl.,HOSPITAL CARE,A Combinar,Campinas - SP (1),https://www.catho.com.br/vagas/analista-de-dados-pl/24280820/?origem_apply=busca-de-vagas&entrada_apply=direto
3,Analista de Dados Pleno,FATOR WOW!,A Combinar,São Paulo - SP (1),https://www.catho.com.br/vagas/analista-de-dados-pleno/24282703/?origem_apply=busca-de-vagas&entrada_apply=direto
4,Analista de Dados - BI,CATAGUÁ,A Combinar,Piracicaba - SP (1),https://www.catho.com.br/vagas/analista-de-dados-bi/24276675/?origem_apply=busca-de-vagas&entrada_apply=direto
5,Analista de Dados (Logística),SHOPEE BRASIL,A Combinar,São Paulo - SP (1),https://www.catho.com.br/vagas/analista-de-dados-logistica/24236643/?origem_apply=busca-de-vagas&entrada_apply=direto
6,Analista de Dados Pleno,CADASTRA,A Combinar,São Paulo - SP (1),https://www.catho.com.br/vagas/analista-de-dados-pleno/24238974/?origem_apply=busca-de-vagas&entrada_apply=direto
7,Analista de Dados Jr,EMPREGARA,A Combinar,São Paulo - SP (1),https://www.catho.com.br/vagas/analista-de-dados-jr/24133345/?origem_apply=busca-de-vagas&entrada_apply=direto
8,Pessoa Analista de Dados,EMPREGARA,A Combinar,Caxias do Sul - RS (1),https://www.catho.com.br/vagas/pessoa-analista-de-dados/24129893/?origem_apply=busca-de-vagas&entrada_apply=direto
9,ANALISTA DE DADOS CLINICOS III,EMPREGARA,A Combinar,São Paulo - SP (1),https://www.catho.com.br/vagas/analista-de-dados-clinicos-iii/24132086/?origem_apply=busca-de-vagas&entrada_apply=direto
10,Analista de Dados - BI,EMPREGARA,A Combinar,Piracicaba - SP (1),https://www.catho.com.br/vagas/analista-de-dados-bi/24131753/?origem_apply=busca-de-vagas&entrada_apply=direto
11,Analista de Dados Sr.,EMPREGARA,A Combinar,São Paulo - SP (1),https://www.catho.com.br/vagas/analista-de-dados-sr/24132870/?origem_apply=busca-de-vagas&entrada_apply=direto
12,Analista de Dados Dogfooding,EMPREGARA,A Combinar,Manaus - AM (1),https://www.catho.com.br/vagas/analista-de-dados-dogfooding/24128316/?origem_apply=busca-de-vagas&entrada_apply=direto
13,Analista de Dados Pl.,HOSPITAL CARE,A Combinar,Campinas - SP (1),https://www.catho.com.br/vagas/analista-de-dados-pl/24138467/?origem_apply=busca-de-vagas&entrada_apply=direto
14,Analista de Dados - Frota,EMPREGARA,A Combinar,Rio Grande - RS (1),https://www.catho.com.br/vagas/analista-de-dados-frota/24134966/?origem_apply=busca-de-vagas&entrada_apply=direto
0,Analista de Dados Pleno,EMPREGARA,A Combinar,São Paulo - SP (1),https://www.catho.com.br/vagas/analista-de-dados-pleno/24117790/?origem_apply=busca-de-vagas&entrada_apply=direto
1,Analista de Dados Sênior,EMPREGARA,A Combinar,Itajai - SC (1),https://www.catho.com.br/vagas/analista-de-dados-senior/24116321/?origem_apply=busca-de-vagas&entrada_apply=direto
2,Analista de Dados Pleno,EMPREGARA,A Combinar,Florianópolis - SC (1),https://www.catho.com.br/vagas/analista-de-dados-pleno/24112305/?origem_apply=busca-de-vagas&entrada_apply=direto
3,Analista de Dados Sênior,EMPREGARA,A Combinar,Rio de Janeiro - RJ (1),https://www.catho.com.br/vagas/analista-de-dados-senior/24120920/?origem_apply=busca-de-vagas&entrada_apply=direto
4,Analista de Dados Python,EMPREGARA,A Combinar,São Paulo - SP (1),https://www.catho.com.br/vagas/analista-de-dados-python/24120938/?origem_apply=busca-de-vagas&entrada_apply=direto
5,Analista de Dados Sênior,EMPREGARA,A Combinar,São Paulo - SP (1),https://www.catho.com.br/vagas/analista-de-dados-senior/24113274/?origem_apply=busca-de-vagas&entrada_apply=direto
6,Analista de Dados Jr,ESTRATEGIA EDUCACIONAL,A Combinar,São Paulo - SP (1),https://www.catho.com.br/vagas/analista-de-dados-jr/24122221/?origem_apply=busca-de-vagas&entrada_apply=direto
7,Analista de Dados e Processos,EMPREGARA,A Combinar,Uberlândia - MG (1),https://www.catho.com.br/vagas/analista-de-dados-e-processos/24120699/?origem_apply=busca-de-vagas&entrada_apply=direto
8,Analista de Dados (BI),EMPREGARA,A Combinar,Porto Alegre - RS (1),https://www.catho.com.br/vagas/analista-de-dados-bi/24119180/?origem_apply=busca-de-vagas&entrada_apply=direto
9,Analista de Dados Sênior,EMPREGARA,A Combinar,Curitiba - PR (1),https://www.catho.com.br/vagas/analista-de-dados-senior/24117752/?origem_apply=busca-de-vagas&entrada_apply=direto
10,Analista de Dados Pleno,EMPREGARA,A Combinar,Porto Alegre - RS (1),https://www.catho.com.br/vagas/analista-de-dados-pleno/24117913/?origem_apply=busca-de-vagas&entrada_apply=direto
11,Analista de Dados Sênior,EMPREGARA,A Combinar,Rio de Janeiro - RJ (1),https://www.catho.com.br/vagas/analista-de-dados-senior/24120786/?origem_apply=busca-de-vagas&entrada_apply=direto
12,Analista de Dados/BI,EMPREGARA,A Combinar,Rio de Janeiro - RJ (1),https://www.catho.com.br/vagas/analista-de-dados-bi/24112101/?origem_apply=busca-de-vagas&entrada_apply=direto
13,Analista de Dados Pleno,EMPREGARA,A Combinar,Florianópolis - SC (1),https://www.catho.com.br/vagas/analista-de-dados-pleno/24110203/?origem_apply=busca-de-vagas&entrada_apply=direto
14,Analista de Dados Sênior,EMPREGARA,A Combinar,Indaiatuba - SP (1),https://www.catho.com.br/vagas/analista-de-dados-senior/24109347/?origem_apply=busca-de-vagas&entrada_apply=direto
0,Analista de Dados - BI,CATAGUÁ,A Combinar,Piracicaba - SP (1),https://www.catho.com.br/vagas/analista-de-dados-bi/24100757/?origem_apply=busca-de-vagas&entrada_apply=direto
1,Analista De Dados De Bi,EMPREGARA,"De R$ 4.001,00 a R$ 5.000,00",Rio de Janeiro - RJ (1),https://www.catho.com.br/vagas/analista-de-dados-de-bi/24083612/?origem_apply=busca-de-vagas&entrada_apply=direto
2,Analista de Dados Pleno,FRANQ,A Combinar,Florianópolis - SC (1),https://www.catho.com.br/vagas/analista-de-dados-pleno/24094536/?origem_apply=busca-de-vagas&entrada_apply=direto
3,Analista de Dados Júnior,GEOSISTEMAS,A Combinar,São José dos Campos - SP (1),https://www.catho.com.br/vagas/analista-de-dados-junior/24094851/?origem_apply=busca-de-vagas&entrada_apply=direto
4,Analista de Dados BI,EMPREGARA,A Combinar,Barueri - SP (1),https://www.catho.com.br/vagas/analista-de-dados-bi/24084386/?origem_apply=busca-de-vagas&entrada_apply=direto
5,Analista de Dados - Perus,EMPREGARA,A Combinar,São Paulo - SP (1),https://www.catho.com.br/vagas/analista-de-dados-perus/24092631/?origem_apply=busca-de-vagas&entrada_apply=direto
6,Analista de Dados Pleno,EMPREGARA,A Combinar,São Paulo - SP (1),https://www.catho.com.br/vagas/analista-de-dados-pleno/24089149/?origem_apply=busca-de-vagas&entrada_apply=direto
7,Analista de Dados Pleno,EMPREGARA,"De R$ 6.001,00 a R$ 7.000,00",São Paulo - SP (1),https://www.catho.com.br/vagas/analista-de-dados-pleno/24059867/?origem_apply=busca-de-vagas&entrada_apply=direto
8,Analista de Dados E-commerce,COLORMAQ,A Combinar,São Paulo - SP (1),https://www.catho.com.br/vagas/analista-de-dados-e-commerce/24041541/?origem_apply=busca-de-vagas&entrada_apply=direto
9,Analista de Dados Jr,EMPREGARA,"De R$ 1.001,00 a R$ 2.000,00",São Caetano do Sul - SP (1),https://www.catho.com.br/vagas/analista-de-dados-jr/24027249/?origem_apply=busca-de-vagas&entrada_apply=direto
10,Analista de Dados PL,GRUPO NZN,A Combinar,São Paulo - SP (1),https://www.catho.com.br/vagas/analista-de-dados-pl/24024055/?origem_apply=busca-de-vagas&entrada_apply=direto
11,Analista de Dados Pl,BR DISTRIBUIDORA,A Combinar,Rio de Janeiro - RJ (1),https://www.catho.com.br/vagas/analista-de-dados-pl/23970652/?origem_apply=busca-de-vagas&entrada_apply=direto
12,Analista de Dados Junior,LIGHT,A Combinar,Rio de Janeiro - RJ (1),https://www.catho.com.br/vagas/analista-de-dados-junior/23971804/?origem_apply=busca-de-vagas&entrada_apply=direto
13,Analista de Dados Sr,BR DISTRIBUIDORA,A Combinar,Rio de Janeiro - RJ (1),https://www.catho.com.br/vagas/analista-de-dados-sr/23971924/?origem_apply=busca-de-vagas&entrada_apply=direto
14,Analista de Dados Pleno,INVESTPREV SEGURADORA S/A,A Combinar,São Paulo - SP (1),https://www.catho.com.br/vagas/analista-de-dados-pleno/23950875/?origem_apply=busca-de-vagas&entrada_apply=direto
0,Analista de Dados Senior,COGNIZANT SERVICOS DE TECNOLOGIA E SOFTWARE DO BRA,A Combinar,São Paulo - SP (1),https://www.catho.com.br/vagas/analista-de-dados-senior/23924193/?origem_apply=busca-de-vagas&entrada_apply=direto
1,Analista de Dados Sênior,SEEDZ,A Combinar,Belo Horizonte - MG (1),https://www.catho.com.br/vagas/analista-de-dados-senior/23927158/?origem_apply=busca-de-vagas&entrada_apply=direto
2,"Analista de dados e projetos – Qualidade, Sistemas e Processos",UNIBEM,"De R$ 4.001,00 a R$ 5.000,00",São Paulo - SP (1),https://www.catho.com.br/vagas/analista-de-dados-e-projetos-qualidade-sistemas-e-processos/23909700/?origem_apply=busca-de-vagas&entrada_apply=direto
3,Analista da Qualidade DADOS TERMICOS,Empresa ConfidencialPor que?,"De R$ 3.001,00 a R$ 4.000,00",Guarulhos - SP (1),https://www.catho.com.br/vagas/analista-da-qualidade-dados-termicos/23831533/?origem_apply=busca-de-vagas&entrada_apply=direto
4,Consultor(a) de Análise de Dados (Modelagem de Dados),SUL AMÉRICA SEGUROS,A Combinar,São Paulo - SP (1),https://www.catho.com.br/vagas/consultora-de-analise-de-dados-modelagem-de-dados/23896405/?origem_apply=busca-de-vagas&entrada_apply=direto
5,UC - Analista de Sistemas I (Dados),SECONCI,A Combinar,São Paulo - SP (1),https://www.catho.com.br/vagas/uc-analista-de-sistemas-i-dados/22844948/?origem_apply=busca-de-vagas&entrada_apply=direto
6,PESSOA ANALISTA DE DADOS SR - Riscos/Inteligência,NAVA SERVICES,A Combinar,São Paulo - SP (1),https://www.catho.com.br/vagas/pessoa-analista-de-dados-sr-riscos-inteligencia/23343645/?origem_apply=busca-de-vagas&entrada_apply=direto
7,Analista de Dados Business Intelligence,"Tortoro, Madureira e Ragazzi Sociedade Advogado",A Combinar,São Paulo - SP (1),https://www.catho.com.br/vagas/analista-de-dados-business-intelligence/23684326/?origem_apply=busca-de-vagas&entrada_apply=direto
8,Assistente de análise de dados,TERZIAN,A Combinar,São Paulo - SP (1),https://www.catho.com.br/vagas/assistente-de-analise-de-dados/23241523/?origem_apply=busca-de-vagas&entrada_apply=direto
9,Analista de Dados Sênior| Time de Dados,EMPREGARA,A Combinar,São Leopoldo - RS (1),https://www.catho.com.br/vagas/analista-de-dados-senior-time-de-dados/24063083/?origem_apply=busca-de-vagas&entrada_apply=direto
10,ASSEESSOR DE ANÁLISE DE DADOS II,SM PRESTISERVICE,"De R$ 7.001,00 a R$ 8.000,00",Belo Horizonte - MG (1),https://www.catho.com.br/vagas/asseessor-de-analise-de-dados-ii/24104900/?origem_apply=busca-de-vagas&entrada_apply=direto
11,ESTÁGIO ANALISE DE DADOS,PREMIER -SP,"Até R$ 1.000,00",São Paulo - SP (1),https://www.catho.com.br/vagas/estagio-analise-de-dados/23753938/?origem_apply=busca-de-vagas&entrada_apply=direto
12,Analista de Dados em Energias Renováveis,WINDWERK SERVIÇOS EÓLICOS LTDA,A Combinar,Florianópolis - SC (1),https://www.catho.com.br/vagas/analista-de-dados-em-energias-renovaveis/24363541/?origem_apply=busca-de-vagas&entrada_apply=direto
13,ANALISTA DE DADOS E DOCUMENTOS PL,3CORAÇÕES,A Combinar,Eusebio - CE (1),https://www.catho.com.br/vagas/analista-de-dados-e-documentos-pl/24338015/?origem_apply=busca-de-vagas&entrada_apply=direto
14,Pessoa Analista de Dados PL,ZOOP,A Combinar,Rio de Janeiro - RJ (1),https://www.catho.com.br/vagas/pessoa-analista-de-dados-pl/24320591/?origem_apply=busca-de-vagas&entrada_apply=direto
0,Analista de Dados em São Paulo - SP,GMP RECURSOS HUMANOS,A Combinar,São Paulo - SP (1),https://www.catho.com.br/vagas/analista-de-dados-em-sao-paulo-sp/24302881/?origem_apply=busca-de-vagas&entrada_apply=direto
1,Banco de Talentos - Analista de Dados,MTP DO BRASIL,A Combinar,São José dos Pinhais - PR (1),https://www.catho.com.br/vagas/banco-de-talentos-analista-de-dados/24308191/?origem_apply=busca-de-vagas&entrada_apply=direto
2,Analista de Dados em São Paulo - SP,AST CONSULTORIA,"De R$ 2.001,00 a R$ 3.000,00",São Paulo - SP (1),https://www.catho.com.br/vagas/analista-de-dados-em-sao-paulo-sp/24291107/?origem_apply=busca-de-vagas&entrada_apply=direto
3,ANALISTA DE DADOS em Brasília - DF,HOSPITAL SANTA LÚCIA,A Combinar,Brasilia - DF (1),https://www.catho.com.br/vagas/analista-de-dados-em-brasilia-df/24184936/?origem_apply=busca-de-vagas&entrada_apply=direto
4,ANALISTA DE DADOS CLOUD - COM EXPERIÊNCIA,PROCURANDO EMPREGO,A Combinar,São Paulo - SP (1),https://www.catho.com.br/vagas/analista-de-dados-cloud-com-experiencia/24184061/?origem_apply=busca-de-vagas&entrada_apply=direto
5,Analista de Dados Junior (PCD),HIRING,A Combinar,São Paulo - SP (1),https://www.catho.com.br/vagas/analista-de-dados-junior-pcd/23972255/?origem_apply=busca-de-vagas&entrada_apply=direto
6,Analista de Dados Junior (PCD),HIRING,A Combinar,São Paulo - SP (1),https://www.catho.com.br/vagas/analista-de-dados-junior-pcd/23905800/?origem_apply=busca-de-vagas&entrada_apply=direto
7,Analista de Dados (Vaga afirmativa para mulheres),COZIMAX,A Combinar,Mirassol - SP (1),https://www.catho.com.br/vagas/analista-de-dados-vaga-afirmativa-para-mulheres/24145234/?origem_apply=busca-de-vagas&entrada_apply=direto
8,ANALISTA DE DADOS SR- REMOTO,EMPREGARA,"Até R$ 1.000,00",Brasilia - DF (1),https://www.catho.com.br/vagas/analista-de-dados-sr-remoto/24131836/?origem_apply=busca-de-vagas&entrada_apply=direto
9,Analista de Dados Junior e Pleno,MOTTU TECNOLOGIA,A Combinar,São Paulo - SP (1),https://www.catho.com.br/vagas/analista-de-dados-junior-e-pleno/24137147/?origem_apply=busca-de-vagas&entrada_apply=direto
10,Analista de Dados Pleno a Sênior,EMPREGARA,A Combinar,Florianópolis - SC (1),https://www.catho.com.br/vagas/analista-de-dados-pleno-a-senior/24133297/?origem_apply=busca-de-vagas&entrada_apply=direto
11,Analista de Dados/BI Pleno,EMPREGARA,A Combinar,São Paulo - SP (1),https://www.catho.com.br/vagas/analista-de-dados-bi-pleno/24131018/?origem_apply=busca-de-vagas&entrada_apply=direto
12,Analista de Dados de Marketing Digital II,EMPREGARA,A Combinar,São Paulo - SP (1),https://www.catho.com.br/vagas/analista-de-dados-de-marketing-digital-ii/24130242/?origem_apply=busca-de-vagas&entrada_apply=direto
13,Analista de Dados de Marketing Digital II,EMPREGARA,A Combinar,São Paulo - SP (1),https://www.catho.com.br/vagas/analista-de-dados-de-marketing-digital-ii/24134932/?origem_apply=busca-de-vagas&entrada_apply=direto
14,Analista de Dados Pleno RJ,EMPREGARA,A Combinar,Rio de Janeiro - RJ (1),https://www.catho.com.br/vagas/analista-de-dados-pleno-rj/24133596/?origem_apply=busca-de-vagas&entrada_apply=direto
0,Analista de Dados e Performance Senior,EMPREGARA,A Combinar,São Paulo - SP (1),https://www.catho.com.br/vagas/analista-de-dados-e-performance-senior/24113759/?origem_apply=busca-de-vagas&entrada_apply=direto
1,Analista de Dados (Híbrido - Belo Horizonte),EMPREGARA,A Combinar,Belo Horizonte - MG (1),https://www.catho.com.br/vagas/analista-de-dados-hibrido-belo-horizonte/24114317/?origem_apply=busca-de-vagas&entrada_apply=direto
2,11619-Analista de Dados (BI),EMPREGARA,A Combinar,Campinas - SP (1),https://www.catho.com.br/vagas/11619-analista-de-dados-bi/24113632/?origem_apply=busca-de-vagas&entrada_apply=direto
3,Analista de Dados Sênior | Novo Hamburgo,EMPREGARA,A Combinar,Novo Hamburgo - RS (1),https://www.catho.com.br/vagas/analista-de-dados-senior-novo-hamburgo/24113523/?origem_apply=busca-de-vagas&entrada_apply=direto
4,Analista de Dados Júnior I QuiteJá,EMPREGARA,A Combinar,Curitiba - PR (1),https://www.catho.com.br/vagas/analista-de-dados-junior-i-quiteja/24116674/?origem_apply=busca-de-vagas&entrada_apply=direto
5,ANALISTA DE DADOS PLENO - COM EXPERIÊNCIA,PROCURANDO EMPREGO,A Combinar,Brasilia - DF (1),https://www.catho.com.br/vagas/analista-de-dados-pleno-com-experiencia/24108774/?origem_apply=busca-de-vagas&entrada_apply=direto
6,Analista de Dados Júnior I QuiteJá,EMPREGARA,A Combinar,Curitiba - PR (1),https://www.catho.com.br/vagas/analista-de-dados-junior-i-quiteja/24121648/?origem_apply=busca-de-vagas&entrada_apply=direto
7,Analista de Dados - BI - Innovative Company,GRABS,A Combinar,Piracicaba - SP (1),https://www.catho.com.br/vagas/analista-de-dados-bi-innovative-company/24120847/?origem_apply=busca-de-vagas&entrada_apply=direto
8,Analista de Dados | Cresol Confederação,EMPREGARA,A Combinar,Francisco Beltrao - PR (1),https://www.catho.com.br/vagas/analista-de-dados-cresol-confederacao/24120431/?origem_apply=busca-de-vagas&entrada_apply=direto
9,Analista de Dados e Negócios Sênior,EMPREGARA,A Combinar,São Paulo - SP (1),https://www.catho.com.br/vagas/analista-de-dados-e-negocios-senior/24110705/?origem_apply=busca-de-vagas&entrada_apply=direto
10,Analista de Dados | Cresol Confederação,CONFESOL,A Combinar,Francisco Beltrao - PR (1),https://www.catho.com.br/vagas/analista-de-dados-cresol-confederacao/24100241/?origem_apply=busca-de-vagas&entrada_apply=direto
11,Analista de Dados e Precificação Jr,EMPREGARA,A Combinar,São Paulo - SP (1),https://www.catho.com.br/vagas/analista-de-dados-e-precificacao-jr/24094005/?origem_apply=busca-de-vagas&entrada_apply=direto
12,ANALISTA DE DADOS - POWER BI,LEANDRO STORMER,A Combinar,Porto Alegre - RS (1),https://www.catho.com.br/vagas/analista-de-dados-power-bi/24094086/?origem_apply=busca-de-vagas&entrada_apply=direto
13,1349 - Analista de Dados Júnior,EMPREGARA,A Combinar,São José dos Campos - SP (1),https://www.catho.com.br/vagas/1349-analista-de-dados-junior/24084066/?origem_apply=busca-de-vagas&entrada_apply=direto
14,Pessoa Analista de Dados Teradata,EMPREGARA,A Combinar,Uberlândia - MG (1),https://www.catho.com.br/vagas/pessoa-analista-de-dados-teradata/24084205/?origem_apply=busca-de-vagas&entrada_apply=direto
0,Analista de Faturamento/Dados,EMPREGARA,A Combinar,Rio de Janeiro - RJ (1),https://www.catho.com.br/vagas/analista-de-faturamento-dados/24091062/?origem_apply=busca-de-vagas&entrada_apply=direto
1,Analista de TI - Dados,PRISMAT RH,"De R$ 2.001,00 a R$ 3.000,00",Marilia - SP (1),https://www.catho.com.br/vagas/analista-de-ti-dados/23803697/?origem_apply=busca-de-vagas&entrada_apply=direto
2,Analista de Inteligência de Dados,GRUPO PGV URBANISMO,A Combinar,Unai - MG (1),https://www.catho.com.br/vagas/analista-de-inteligencia-de-dados/23401273/?origem_apply=busca-de-vagas&entrada_apply=direto
3,Pessoa Consultora de Analise de Dados,DATUM TI,A Combinar,Porto Alegre - RS (1),https://www.catho.com.br/vagas/pessoa-consultora-de-analise-de-dados/21772636/?origem_apply=busca-de-vagas&entrada_apply=direto
4,Consultant - Analista de Dados Jr - Presencial,PROVIDER IT - BUSINESS SOLUTIONS,A Combinar,Rio de Janeiro - RJ (1),https://www.catho.com.br/vagas/consultant-analista-de-dados-jr-presencial/24315576/?origem_apply=busca-de-vagas&entrada_apply=direto
5,Pessoa Analista de Dados Pleno - Telecomunicações,BIP - BUSINESS INTEGRATION PARTNERS DO BRASIL,A Combinar,São Paulo - SP (1),https://www.catho.com.br/vagas/pessoa-analista-de-dados-pleno-telecomunicacoes/24278605/?origem_apply=busca-de-vagas&entrada_apply=direto
6,Analista de Dados Júnior (vaga afirmativa para talentos diversos),MEMED,A Combinar,São Paulo - SP (1),https://www.catho.com.br/vagas/analista-de-dados-junior-vaga-afirmativa-para-talentos-diversos/24282715/?origem_apply=busca-de-vagas&entrada_apply=direto
7,Analista de Dados Pleno em São Paulo - SP,TRAMASSO IDH,A Combinar,São Paulo - SP (1),https://www.catho.com.br/vagas/analista-de-dados-pleno-em-sao-paulo-sp/24211002/?origem_apply=busca-de-vagas&entrada_apply=direto
8,Pessoa Analista de Dados Pleno - Telecomunicações,BIP - BUSINESS INTEGRATION PARTNERS DO BRASIL,A Combinar,São Paulo - SP (1),https://www.catho.com.br/vagas/pessoa-analista-de-dados-pleno-telecomunicacoes/24201350/?origem_apply=busca-de-vagas&entrada_apply=direto
9,ANALISTA DE DADOS JUNIOR - SUPERIOR COMPLETO,PROCURANDO EMPREGO,A Combinar,São Paulo - SP (1),https://www.catho.com.br/vagas/analista-de-dados-junior-superior-completo/24180603/?origem_apply=busca-de-vagas&entrada_apply=direto
10,Analista de Dados - Vaga Afirmativa para Pessoas com Deficiência,EMPREGARA,"Até R$ 1.000,00",São Paulo - SP (1),https://www.catho.com.br/vagas/analista-de-dados-vaga-afirmativa-para-pessoas-com-deficiencia/24112692/?origem_apply=busca-de-vagas&entrada_apply=direto
11,Analista de Dados Alteryx Sênior (Remoto),EMPREGARA,A Combinar,São Paulo - SP (1),https://www.catho.com.br/vagas/analista-de-dados-alteryx-senior-remoto/24111107/?origem_apply=busca-de-vagas&entrada_apply=direto
12,Analista de dados Jr - Cajamar SP,EMPREGARA,A Combinar,Cajamar - SP (1),https://www.catho.com.br/vagas/analista-de-dados-jr-cajamar-sp/24116695/?origem_apply=busca-de-vagas&entrada_apply=direto
13,Pessoa Analista de Dados - Rapid Progression,GRABS,A Combinar,Caxias do Sul - RS (1),https://www.catho.com.br/vagas/pessoa-analista-de-dados-rapid-progression/24114247/?origem_apply=busca-de-vagas&entrada_apply=direto
14,Pessoa Analista de Dados Pleno - Telecomunicações,BIP - BUSINESS INTEGRATION PARTNERS DO BRASIL,A Combinar,São Paulo - SP (1),https://www.catho.com.br/vagas/pessoa-analista-de-dados-pleno-telecomunicacoes/24100054/?origem_apply=busca-de-vagas&entrada_apply=direto
0,Analista de Dados DBA - Curitiba/PR,EMPREGARA,A Combinar,Curitiba - PR (1),https://www.catho.com.br/vagas/analista-de-dados-dba-curitiba-pr/24085553/?origem_apply=busca-de-vagas&entrada_apply=direto
1,ANALISTA DE DADOS PLENO - SUPERIOR COMPLETO,PROCURANDO EMPREGO,A Combinar,São Paulo - SP (1),https://www.catho.com.br/vagas/analista-de-dados-pleno-superior-completo/24084780/?origem_apply=busca-de-vagas&entrada_apply=direto
2,Analista de Dados (SP/RJ/SC),STRATTNER,A Combinar,Palhoca - SC (1),https://www.catho.com.br/vagas/analista-de-dados-sp-rj-sc/23931833/?origem_apply=busca-de-vagas&entrada_apply=direto
3,Analista De Logistica Jr (Foco em análise de dados),Empresa ConfidencialPor que?,"De R$ 5.001,00 a R$ 6.000,00",Cajamar - SP (1),https://www.catho.com.br/vagas/analista-de-logistica-jr-foco-em-analise-de-dados/24104964/?origem_apply=busca-de-vagas&entrada_apply=direto
4,Analista de Dados Pleno | Inteligência de Mercado - Dados & Serviços,EMPREGARA,A Combinar,São Paulo - SP (1),https://www.catho.com.br/vagas/analista-de-dados-pleno-inteligencia-de-mercado-dados-servicos/24114563/?origem_apply=busca-de-vagas&entrada_apply=direto
5,ANALISTA DLP e PROTEÇÃO DE DADOS SR,NAVA SERVICES,A Combinar,Osasco - SP (1),https://www.catho.com.br/vagas/analista-dlp-e-protecao-de-dados-sr/23895513/?origem_apply=busca-de-vagas&entrada_apply=direto
6,Analista de Inteligência Operacional e Dados Sr,CLÍNICA SIM,A Combinar,Fortaleza - CE (1),https://www.catho.com.br/vagas/analista-de-inteligencia-operacional-e-dados-sr/23871043/?origem_apply=busca-de-vagas&entrada_apply=direto
7,Analista de Banco de Dados,DTC RECRUTAMENTO,A Combinar,Curitiba - PR (1),https://www.catho.com.br/vagas/analista-de-banco-de-dados/24354556/?origem_apply=busca-de-vagas&entrada_apply=direto
8,Analista de atendimento ao cliente – Gestão de dados,TEC MAR TRANSPORTES,A Combinar,Embu - SP (1),https://www.catho.com.br/vagas/analista-de-atendimento-ao-cliente-gestao-de-dados/24127006/?origem_apply=busca-de-vagas&entrada_apply=direto
9,Analista de Planejamento e Dados Sênior,WEIR MINERALS,A Combinar,Jundiai - SP (1),https://www.catho.com.br/vagas/analista-de-planejamento-e-dados-senior/24304501/?origem_apply=busca-de-vagas&entrada_apply=direto
10,Analista de Inteligência e Dados – Pleno,BIOMEDICAL,A Combinar,Belo Horizonte - MG (1),https://www.catho.com.br/vagas/analista-de-inteligencia-e-dados-pleno/24307089/?origem_apply=busca-de-vagas&entrada_apply=direto
11,Analista de Inteligência de Dados Sênior,EMPREGARA,A Combinar,São Paulo - SP (1),https://www.catho.com.br/vagas/analista-de-inteligencia-de-dados-senior/24130550/?origem_apply=busca-de-vagas&entrada_apply=direto
12,Analista Inteligencia De Dados Jr,EMPREGARA,A Combinar,São Paulo - SP (1),https://www.catho.com.br/vagas/analista-inteligencia-de-dados-jr/24115558/?origem_apply=busca-de-vagas&entrada_apply=direto
13,Analista de Engenheiro de Dados - Sênior,EMPREGARA,A Combinar,Curitiba - PR (1),https://www.catho.com.br/vagas/analista-de-engenheiro-de-dados-senior/24118459/?origem_apply=busca-de-vagas&entrada_apply=direto
14,Analista de Migração de Dados Pleno,CLINICORP SERVIÇOS LTDA,A Combinar,Jaragua do Sul - SC (1),https://www.catho.com.br/vagas/analista-de-migracao-de-dados-pleno/24101511/?origem_apply=busca-de-vagas&entrada_apply=direto
0,Analista de Engenharia de Dados Pleno,EMPREGARA,A Combinar,São Paulo - SP (1),https://www.catho.com.br/vagas/analista-de-engenharia-de-dados-pleno/24083971/?origem_apply=busca-de-vagas&entrada_apply=direto
1,Analista de Ciência de Dados Pl,EMPREGARA,A Combinar,São Paulo - SP (1),https://www.catho.com.br/vagas/analista-de-ciencia-de-dados-pl/24088212/?origem_apply=busca-de-vagas&entrada_apply=direto
2,Analista de Engenharia de Dados Pleno,EMPREGARA,A Combinar,São Paulo - SP (1),https://www.catho.com.br/vagas/analista-de-engenharia-de-dados-pleno/24085261/?origem_apply=busca-de-vagas&entrada_apply=direto
3,ANALISTA DE GOVERNANÇA DE DADOS JÚNIOR,EMPREGARA,A Combinar,Rio de Janeiro - RJ (1),https://www.catho.com.br/vagas/analista-de-governanca-de-dados-junior/24063460/?origem_apply=busca-de-vagas&entrada_apply=direto
4,Analista de Gestão de Dados Sr,NUCLEA,A Combinar,São Paulo - SP (1),https://www.catho.com.br/vagas/analista-de-gestao-de-dados-sr/23927753/?origem_apply=busca-de-vagas&entrada_apply=direto
5,Pessoa Analista de Dados Pleno - Opportunity to Make a Difference,GRABS,A Combinar,São José do Rio Preto - SP (1),https://www.catho.com.br/vagas/pessoa-analista-de-dados-pleno-opportunity-to-make-a-difference/24317057/?origem_apply=busca-de-vagas&entrada_apply=direto
6,VR MOBILIDADE | Operações | Pessoa Analista Dados,VR BENEFÍCIOS,A Combinar,Nova Lima - MG (1),https://www.catho.com.br/vagas/vr-mobilidade-operacoes-pessoa-analista-dados/24214542/?origem_apply=busca-de-vagas&entrada_apply=direto
7,Analista de Dados JR (Vaga afirmativa para pessoas com deficiência),EMPREGARA,A Combinar,São José dos Campos - SP (1),https://www.catho.com.br/vagas/analista-de-dados-jr-vaga-afirmativa-para-pessoas-com-deficiencia/24130123/?origem_apply=busca-de-vagas&entrada_apply=direto
8,Analista de Dados de Compras PL - São Paulo/ SP,CARGILL,A Combinar,São Paulo - SP (1),https://www.catho.com.br/vagas/analista-de-dados-de-compras-pl-sao-paulo-sp/24133819/?origem_apply=busca-de-vagas&entrada_apply=direto
9,Analista de Dados Epidemiológicos - Hospital Mãe deDeus,EMPREGARA,A Combinar,Porto Alegre - RS (1),https://www.catho.com.br/vagas/analista-de-dados-epidemiologicos-hospital-mae-dedeus/24093347/?origem_apply=busca-de-vagas&entrada_apply=direto
10,PESSOA ANALISTA DE DADOS SR - Riscos/Inteligência,EMPREGARA,A Combinar,São Paulo - SP (1),https://www.catho.com.br/vagas/pessoa-analista-de-dados-sr-riscos-inteligencia/24091090/?origem_apply=busca-de-vagas&entrada_apply=direto
11,Estágio em Análise de Dados (Home Office),REHAGRO,A Combinar,Belo Horizonte - MG (1),https://www.catho.com.br/vagas/estagio-em-analise-de-dados-home-office/23610141/?origem_apply=busca-de-vagas&entrada_apply=direto
12,Analista de Banco de Dados,RENOVA RH,"De R$ 3.001,00 a R$ 4.000,00",São Paulo - SP (1),https://www.catho.com.br/vagas/analista-de-banco-de-dados/24098384/?origem_apply=busca-de-vagas&entrada_apply=direto
13,Analista Banco de Dados,Empresa ConfidencialPor que?,A Combinar,Americana - SP (1),https://www.catho.com.br/vagas/analista-banco-de-dados/23907276/?origem_apply=busca-de-vagas&entrada_apply=direto
14,Especialista I – Análise de Dados,CNI,A Combinar,Brasilia - DF (1),https://www.catho.com.br/vagas/especialista-i-analise-de-dados/24200967/?origem_apply=busca-de-vagas&entrada_apply=direto
